chromosome,start,end,coverage
III,182,183,541
III,202,203,643
IV,531025,531026,539
IV,531030,531032,539
IV,531040,531041,541
IV,531041,531042,543
IV,531042,531043,542
IV,534487,534489,539
IV,534909,534911,547
IV,534911,534912,546
IV,534913,534914,549
IV,534914,534917,552
IV,534917,534919,545
IV,534919,534920,543
IV,534920,534921,552
IV,534921,534922,553
IV,534922,534924,548
IV,534924,534925,544
IV,534925,534926,555
IV,534926,534928,554
IV,534928,534930,550
IV,535074,535075,539
IV,535075,535076,547
IV,535081,535082,539
IV,535082,535083,551
IV,535083,535085,553
IV,535085,535087,547
IV,535087,535088,549
IV,535088,535089,558
IV,535089,535090,559
IV,535090,535092,565
IV,535092,535093,559
IV,535093,535095,558
IV,535095,535096,601
IV,535096,535097,599
IV,535097,535098,574
IV,535098,535101,573
IV,535101,535103,575
IV,535103,535104,569
IV,535104,535105,570
IV,535105,535106,569
IV,535106,535107,570
IV,535107,535109,563
IV,535123,535124,542
IV,535124,535125,544
IV,535125,535127,551
IV,535127,535130,547
IV,535130,535131,548
IV,535131,535133,552
IV,535133,535135,557
IV,535135,535136,555
IV,535136,535137,556
IV,535137,535139,557
IV,535139,535140,561
IV,535140,535141,558
IV,535141,535142,557
IV,535142,535143,556
IV,535143,535144,557
IV,535144,535145,558
IV,535145,535146,541
IV,535146,535148,539
IV,535149,535150,540
IV,535150,535151,542
IV,535239,535240,546
IV,535240,535241,545
IV,535244,535245,552
IV,535245,535246,554
IV,535261,535263,563
IV,535263,535264,567
IV,535264,535265,563
IV,535265,535267,575
IV,535267,535269,586
IV,535269,535270,584
IV,535270,535271,571
IV,535271,535272,567
IV,535272,535273,566
IV,535273,535274,565
IV,535274,535275,552
IV,535275,535276,567
IV,535276,535277,558
IV,535277,535278,563
IV,535278,535279,562
IV,535279,535281,566
IV,535281,535282,567
IV,535282,535283,562
IV,535283,535284,563
IV,535284,535285,554
IV,535285,535286,555
IV,535286,535288,557
IV,535288,535289,556
IV,535289,535290,558
IV,535290,535291,555
IV,535291,535293,557
IV,535293,535294,568
IV,535294,535295,573
IV,535295,535296,571
IV,535296,535297,574
IV,535297,535298,589
IV,535298,535299,590
IV,535299,535300,591
IV,535300,535301,587
IV,535301,535302,595
IV,535302,535303,586
IV,535303,535304,596
IV,535304,535306,595
IV,535306,535307,587
IV,535307,535308,589
IV,535308,535309,590
IV,535309,535310,598
IV,535310,535311,612
IV,535311,535312,610
IV,535312,535313,605
IV,535313,535315,601
IV,535315,535316,602
IV,535316,535319,613
IV,535319,535320,612
IV,535320,535321,613
IV,535321,535323,607
IV,535323,535324,610
IV,535324,535325,599
IV,535325,535326,605
IV,535326,535327,596
IV,535327,535328,600
IV,535328,535330,608
IV,535330,535331,607
IV,535331,535332,599
IV,535332,535333,592
IV,535333,535334,594
IV,535334,535335,590
IV,535335,535336,604
IV,535336,535337,598
IV,535337,535338,583
IV,535338,535341,584
IV,535341,535342,586
IV,535342,535343,578
IV,535343,535344,632
IV,535344,535345,619
IV,535345,535347,616
IV,535347,535348,607
IV,535348,535349,609
IV,535349,535351,614
IV,535351,535352,619
IV,535352,535353,583
IV,535353,535354,578
IV,535354,535355,584
IV,535355,535357,583
IV,535357,535358,582
IV,535358,535359,563
IV,535359,535360,561
IV,535360,535361,550
IV,535361,535362,561
IV,535362,535363,581
IV,535363,535365,585
IV,535365,535366,580
IV,535366,535367,581
IV,535367,535368,578
IV,535368,535369,581
IV,535369,535370,583
IV,535370,535371,569
IV,535371,535372,572
IV,535372,535373,571
IV,535373,535374,586
IV,535374,535375,584
IV,535375,535376,585
IV,535376,535377,587
IV,535377,535379,585
IV,535379,535380,577
IV,535380,535381,594
IV,535381,535382,596
IV,535382,535383,587
IV,535383,535384,584
IV,535384,535385,588
IV,535385,535386,587
IV,535386,535387,636
IV,535387,535388,646
IV,535388,535389,598
IV,535389,535390,591
IV,535390,535391,572
IV,535391,535393,614
IV,535393,535395,641
IV,535395,535396,628
IV,535396,535397,630
IV,535397,535398,648
IV,535398,535399,647
IV,535399,535400,658
IV,535400,535401,652
IV,535401,535403,679
IV,535403,535405,708
IV,535405,535406,717
IV,535406,535408,716
IV,535408,535409,719
IV,535409,535410,714
IV,535410,535412,716
IV,535412,535413,688
IV,535413,535414,694
IV,535414,535416,690
IV,535416,535417,680
IV,535417,535418,681
IV,535418,535419,675
IV,535419,535420,680
IV,535420,535421,681
IV,535421,535423,685
IV,535423,535424,686
IV,535424,535425,690
IV,535425,535426,699
IV,535426,535428,685
IV,535428,535429,691
IV,535429,535430,698
IV,535430,535431,701
IV,535431,535432,702
IV,535432,535433,701
IV,535433,535434,702
IV,535434,535435,704
IV,535435,535436,706
IV,535436,535437,730
IV,535437,535439,728
IV,535439,535441,754
IV,535441,535443,770
IV,535443,535444,775
IV,535444,535445,774
IV,535445,535446,767
IV,535446,535447,789
IV,535447,535448,786
IV,535448,535449,772
IV,535449,535450,770
IV,535450,535451,775
IV,535451,535452,780
IV,535452,535453,800
IV,535453,535454,803
IV,535454,535456,795
IV,535456,535457,821
IV,535457,535458,820
IV,535458,535459,862
IV,535459,535460,863
IV,535460,535461,855
IV,535461,535462,835
IV,535462,535463,836
IV,535463,535464,838
IV,535464,535466,846
IV,535466,535467,845
IV,535467,535469,842
IV,535469,535470,850
IV,535470,535471,852
IV,535471,535472,862
IV,535472,535474,908
IV,535474,535476,905
IV,535476,535477,900
IV,535477,535478,893
IV,535478,535479,896
IV,535479,535481,891
IV,535481,535483,896
IV,535483,535484,910
IV,535484,535486,908
IV,535486,535488,893
IV,535488,535489,911
IV,535489,535490,915
IV,535490,535491,914
IV,535491,535492,916
IV,535492,535493,913
IV,535493,535494,914
IV,535494,535495,866
IV,535495,535498,871
IV,535498,535499,862
IV,535499,535500,869
IV,535500,535502,866
IV,535502,535503,888
IV,535503,535504,898
IV,535504,535505,921
IV,535505,535510,918
IV,535510,535512,931
IV,535512,535513,920
IV,535513,535514,897
IV,535514,535515,888
IV,535515,535517,887
IV,535517,535518,884
IV,535518,535519,888
IV,535519,535520,881
IV,535520,535521,879
IV,535521,535522,889
IV,535522,535523,886
IV,535523,535524,888
IV,535524,535525,884
IV,535525,535526,887
IV,535526,535527,883
IV,535527,535529,884
IV,535529,535531,887
IV,535531,535532,870
IV,535532,535533,872
IV,535533,535534,860
IV,535534,535535,868
IV,535535,535536,879
IV,535536,535537,878
IV,535537,535538,839
IV,535538,535539,829
IV,535539,535540,855
IV,535540,535541,851
IV,535541,535542,850
IV,535542,535543,807
IV,535543,535544,815
IV,535544,535545,788
IV,535545,535546,806
IV,535546,535547,803
IV,535547,535548,801
IV,535548,535550,782
IV,535550,535551,775
IV,535551,535552,765
IV,535552,535554,738
IV,535554,535555,706
IV,535555,535556,725
IV,535556,535557,714
IV,535557,535559,715
IV,535559,535560,709
IV,535560,535561,713
IV,535561,535562,704
IV,535562,535563,712
IV,535563,535564,710
IV,535564,535565,719
IV,535565,535566,720
IV,535566,535567,722
IV,535567,535568,724
IV,535568,535569,723
IV,535569,535571,729
IV,535571,535572,732
IV,535572,535574,735
IV,535574,535575,740
IV,535575,535576,738
IV,535576,535577,729
IV,535577,535578,734
IV,535578,535579,741
IV,535579,535580,736
IV,535580,535581,731
IV,535581,535582,726
IV,535582,535583,724
IV,535583,535584,725
IV,535584,535585,722
IV,535585,535587,720
IV,535587,535588,699
IV,535588,535590,719
IV,535590,535591,694
IV,535591,535592,692
IV,535592,535593,676
IV,535593,535594,675
IV,535594,535595,677
IV,535595,535596,666
IV,535596,535597,678
IV,535597,535598,658
IV,535598,535599,663
IV,535599,535601,726
IV,535601,535602,721
IV,535602,535603,717
IV,535603,535604,696
IV,535604,535605,690
IV,535605,535606,692
IV,535606,535607,695
IV,535607,535608,665
IV,535608,535609,664
IV,535609,535610,628
IV,535610,535611,630
IV,535611,535613,639
IV,535613,535614,642
IV,535614,535615,653
IV,535615,535618,669
IV,535618,535619,655
IV,535619,535620,656
IV,535620,535621,648
IV,535621,535622,647
IV,535622,535623,637
IV,535623,535627,589
IV,535627,535629,596
IV,535629,535630,589
IV,535630,535631,588
IV,535631,535632,589
IV,535632,535634,585
IV,535634,535635,577
IV,535635,535636,578
IV,535636,535637,580
IV,535637,535639,583
IV,535639,535640,568
IV,535640,535641,566
IV,535641,535643,577
IV,535643,535644,578
IV,535644,535645,582
IV,535645,535646,579
IV,535646,535648,576
IV,535648,535649,577
IV,535649,535650,576
IV,535650,535651,568
IV,535651,535652,566
IV,535652,535653,574
IV,535653,535654,548
IV,535654,535655,539
IV,535668,535669,542
IV,535669,535671,548
IV,535671,535672,549
IV,535681,535683,542
IV,535684,535685,539
IV,535686,535687,547
IV,535687,535688,545
IV,535714,535715,541
IV,535742,535744,540
IV,535744,535745,539
IV,536206,536207,540
IV,536208,536209,542
IV,536209,536210,551
IV,536210,536213,545
IV,536213,536214,543
IV,536214,536215,545
IV,536215,536216,544
IV,536216,536217,548
IV,536217,536218,550
IV,536229,536230,552
IV,536230,536231,550
IV,536231,536232,552
IV,536232,536235,556
IV,536235,536236,550
IV,536236,536238,552
VIII,213018,213019,541
VIII,213019,213020,540
VIII,213024,213025,543
VIII,213077,213079,541
VIII,213145,213146,557
VIII,213146,213147,558
VIII,213147,213148,557
VIII,213148,213150,540
VIII,213150,213151,539
VIII,213274,213275,543
VIII,213925,213926,548
VIII,213926,213927,561
VIII,213927,213928,557
VIII,213928,213929,563
VIII,213932,213934,539
VIII,213974,213975,565
VIII,213975,213976,563
VIII,213976,213977,570
VIII,213977,213978,564
VIII,213978,213981,558
VIII,213981,213982,541
VIII,213982,213983,542
VIII,213983,213985,540
VIII,213986,213987,544
VIII,213987,213989,561
VIII,213989,213990,562
VIII,213990,213991,561
VIII,213991,213994,559
VIII,213994,213995,560
VIII,213995,213996,566
VIII,213996,213997,559
VIII,213997,213998,566
VIII,213998,214000,567
VIII,214000,214001,570
VIII,214001,214002,571
VIII,214002,214004,569
VIII,214004,214005,564
VIII,214005,214006,568
VIII,214006,214007,567
VIII,214007,214008,559
VIII,214008,214009,561
VIII,214009,214010,559
VIII,214010,214012,563
VIII,214012,214013,559
VIII,214013,214014,557
VIII,214014,214015,555
VIII,214017,214018,539
VIII,214038,214039,545
VIII,214039,214040,561
VIII,214040,214041,557
VIII,214041,214042,540
VIII,214043,214044,546
VIII,214044,214045,565
VIII,214045,214046,570
VIII,214046,214047,701
VIII,214047,214048,692
VIII,214048,214049,685
VIII,214049,214050,680
VIII,214056,214058,623
VIII,214063,214064,652
VIII,214064,214065,660
VIII,214065,214066,649
VIII,214066,214067,648
VIII,214068,214070,655
VIII,214071,214072,626
VIII,214072,214073,633
VIII,214074,214075,636
VIII,214075,214076,637
VIII,214079,214080,604
VIII,214080,214081,605
VIII,214081,214082,604
VIII,214086,214091,623
VIII,214091,214092,617
VIII,214092,214093,618
VIII,214093,214095,628
VIII,214095,214096,630
VIII,214096,214097,629
VIII,214097,214098,630
VIII,214099,214100,634
VIII,214100,214102,636
VIII,214102,214104,647
VIII,214104,214105,649
VIII,214105,214106,650
VIII,214107,214110,664
VIII,214110,214111,663
VIII,214111,214112,708
VIII,214112,214114,710
VIII,214116,214118,750
VIII,214118,214120,755
VIII,214123,214124,711
VIII,214124,214125,716
VIII,214125,214126,682
VIII,214126,214127,681
VIII,214128,214131,692
VIII,214131,214132,696
VIII,214133,214134,699
VIII,214134,214136,698
VIII,214136,214137,702
VIII,214138,214139,679
VIII,214139,214140,678
VIII,214140,214141,677
VIII,214141,214142,680
VIII,214142,214143,675
VIII,214146,214147,748
VIII,214151,214154,780
VIII,214162,214163,861
VIII,214163,214164,860
VIII,214165,214166,870
VIII,214166,214167,869
VIII,214167,214168,870
VIII,214168,214169,868
VIII,214169,214171,869
VIII,214173,214175,871
VIII,214175,214176,868
VIII,214176,214177,869
VIII,214177,214179,872
VIII,214179,214181,878
VIII,214182,214183,880
VIII,214185,214186,881
VIII,214186,214187,882
VIII,214187,214188,896
VIII,214192,214193,856
VIII,214193,214194,857
VIII,214198,214200,713
VIII,214200,214201,753
VIII,214201,214202,754
VIII,214204,214207,749
VIII,214217,214218,768
VIII,214218,214219,769
VIII,214229,214231,785
VIII,214231,214232,784
VIII,214233,214235,776
VIII,214242,214243,803
VIII,214243,214244,804
VIII,214251,214252,857
VIII,214252,214253,859
VIII,214258,214260,876
VIII,214263,214265,837
VIII,214267,214268,793
VIII,214268,214269,794
VIII,214274,214275,771
VIII,214275,214276,766
VIII,214276,214278,768
VIII,214278,214279,770
VIII,214280,214281,751
VIII,214281,214282,756
VIII,214282,214283,754
VIII,214285,214287,801
VIII,214290,214291,875
VIII,214291,214292,877
VIII,214292,214294,891
VIII,214299,214300,866
VIII,214300,214301,864
VIII,214301,214303,830
VIII,214303,214304,827
VIII,214304,214305,883
VIII,214305,214306,882
VIII,214309,214310,798
VIII,214310,214313,797
VIII,214316,214319,801
VIII,214319,214320,803
VIII,214320,214321,805
VIII,214321,214323,806
VIII,214323,214325,801
VIII,214326,214327,813
VIII,214327,214328,812
VIII,214328,214329,809
VIII,214329,214330,808
VIII,214332,214334,796
VIII,214336,214338,796
VIII,214339,214341,779
VIII,214341,214342,778
VIII,214342,214343,776
VIII,214343,214344,760
VIII,214344,214345,759
VIII,214345,214346,760
VIII,214346,214348,763
VIII,214348,214349,760
VIII,214352,214353,751
VIII,214353,214354,748
VIII,214356,214358,734
VIII,214369,214370,687
VIII,214370,214371,686
VIII,214374,214376,675
VIII,214376,214377,678
VIII,214377,214378,677
VIII,214379,214380,673
VIII,214380,214381,667
VIII,214381,214382,668
VIII,214382,214383,669
VIII,214383,214385,674
VIII,214386,214388,674
VIII,214389,214390,698
VIII,214390,214391,703
VIII,214393,214394,681
VIII,214394,214395,679
VIII,214398,214399,678
VIII,214399,214403,676
VIII,214406,214408,650
VIII,214408,214410,651
VIII,214410,214411,657
VIII,214412,214413,668
VIII,214413,214417,671
VIII,214417,214418,673
VIII,214418,214419,675
VIII,214419,214421,674
VIII,214421,214422,676
VIII,214422,214423,696
VIII,214423,214424,698
VIII,214424,214425,700
VIII,214425,214427,717
VIII,214443,214445,617
VIII,214445,214446,603
VIII,214448,214450,625
VIII,214450,214452,576
VIII,214452,214453,572
VIII,214453,214455,573
VIII,214457,214459,551
VIII,214459,214460,581
VIII,214460,214462,580
VIII,214462,214463,579
VIII,214463,214464,580
VIII,214464,214465,582
VIII,214465,214466,576
VIII,214466,214467,577
VIII,214469,214470,619
VIII,214470,214471,618
VIII,214471,214472,616
VIII,214472,214473,618
VIII,214473,214474,620
VIII,214474,214475,617
VIII,214475,214477,618
VIII,214478,214480,607
VIII,214480,214484,608
VIII,214484,214485,607
VIII,214485,214491,608
VIII,214493,214494,614
VIII,214494,214495,612
VIII,214495,214496,613
VIII,214496,214497,612
VIII,214497,214498,622
VIII,214498,214500,621
VIII,214503,214504,596
VIII,214504,214506,593
VIII,214506,214507,595
VIII,214507,214509,593
VIII,214509,214510,586
VIII,214510,214511,581
VIII,214511,214513,584
VIII,214513,214514,597
VIII,214514,214516,602
VIII,214516,214517,603
VIII,214517,214518,604
VIII,214518,214519,599
VIII,214519,214520,601
VIII,214520,214521,605
VIII,214521,214522,608
VIII,214522,214523,603
VIII,214523,214524,606
VIII,214524,214525,584
VIII,214525,214526,586
VIII,214526,214527,595
VIII,214527,214529,594
VIII,214529,214530,585
VIII,214530,214531,583
VIII,214531,214533,586
VIII,214533,214534,584
VIII,214534,214536,598
VIII,214536,214537,599
VIII,214537,214539,620
VIII,214539,214540,615
VIII,214540,214541,595
VIII,214541,214542,590
VIII,214542,214543,602
VIII,214543,214544,601
VIII,214544,214545,602
VIII,214545,214546,603
VIII,214546,214547,552
VIII,214547,214550,548
VIII,214550,214551,547
VIII,214551,214553,544
VIII,214553,214554,549
VIII,214554,214555,543
VIII,214555,214556,545
VIII,214556,214558,540
VIII,214558,214559,539
VIII,214559,214561,541
VIII,214789,214790,548
VIII,214790,214791,541
VIII,214907,214908,559
VIII,214908,214909,564
VIII,214909,214911,562
VIII,214911,214912,556
VIII,214912,214914,568
VIII,214914,214915,567
VIII,214915,214916,569
VIII,214916,214917,551
VIII,214917,214918,552
VIII,214918,214919,551
VIII,214919,214920,549
VIII,214920,214921,548
VIII,214921,214923,547
VIII,214923,214925,545
VIII,214925,214926,544
VIII,214926,214928,596
VIII,214928,214930,595
VIII,214930,214931,562
VIII,214931,214932,578
VIII,214932,214933,574
VIII,214933,214935,576
VIII,214935,214936,564
VIII,214936,214938,566
VIII,214938,214939,563
VIII,214939,214940,567
VIII,215001,215002,543
VIII,215002,215003,539
VIII,215016,215017,540
VIII,215017,215018,539
VIII,215020,215021,540
VIII,215021,215022,543
VIII,215022,215023,555
VIII,215023,215024,546
VIII,215075,215077,548
VIII,215129,215130,540
VIII,215130,215131,560
VIII,215131,215132,564
VIII,215132,215134,544
VIII,215134,215135,542
VIII,215135,215136,541
VIII,215137,215138,545
VIII,215138,215139,541
VIII,215140,215141,541
VIII,215141,215142,550
VIII,215142,215143,552
VIII,215143,215144,577
VIII,215144,215146,569
VIII,215146,215147,556
VIII,215147,215148,562
VIII,215148,215149,561
VIII,215149,215150,560
VIII,215150,215151,553
VIII,215151,215152,556
VIII,562474,562475,540
VIII,562476,562477,539
VIII,562500,562502,653
VIII,562502,562503,649
VIII,562542,562543,676
VIII,562543,562544,677
XII,451446,451447,547
XII,451447,451449,576
XII,451449,451450,577
XII,451452,451453,600
XII,451453,451454,602
XII,451455,451457,647
XII,451467,451468,784
XII,451468,451469,778
XII,451469,451471,851
XII,451474,451477,1012
XII,451483,451487,1123
XII,451495,451496,1264
XII,451496,451497,1265
XII,451500,451501,1347
XII,451501,451502,1345
XII,451503,451505,1444
XII,451513,451514,1660
XII,451514,451515,1659
XII,451518,451521,1857
XII,451524,451526,1930
XII,451528,451529,1991
XII,451529,451530,1992
XII,451531,451533,1988
XII,451535,451536,1995
XII,451536,451537,1996
XII,451544,451546,2051
XII,451547,451548,2058
XII,451548,451551,2057
XII,451551,451552,2058
XII,451552,451554,2057
XII,451556,451558,2053
XII,451558,451559,2055
XII,451559,451561,2054
XII,451562,451563,2058
XII,451563,451564,2060
XII,451564,451566,2061
XII,451578,451580,2094
XII,451586,451588,2014
XII,451598,451600,2182
XII,451646,451649,3098
XII,451651,451652,3371
XII,451652,451653,3373
XII,451677,451679,3373
XII,451681,451683,3375
XII,451686,451687,3435
XII,451691,451692,3608
XII,451692,451693,3609
XII,451699,451701,3746
XII,451701,451702,3871
XII,451702,451703,3870
XII,451708,451710,3996
XII,451713,451714,4138
XII,451714,451715,4136
XII,451729,451730,4562
XII,451762,451763,4588
XII,451763,451764,4595
XII,451772,451773,3892
XII,451773,451774,3891
XII,451812,451813,3584
XII,451813,451814,3585
XII,451814,451816,3587
XII,451823,451825,3602
XII,451840,451841,3936
XII,451841,451842,3937
XII,451850,451851,4128
XII,451851,451852,4129
XII,451888,451890,4181
XII,451904,451905,4093
XII,451905,451906,4097
XII,451916,451918,4072
XII,451936,451937,4290
XII,451937,451938,4291
XII,451938,451940,4289
XII,451948,451949,4474
XII,451949,451950,4475
XII,451960,451962,4324
XII,451974,451975,4204
XII,451975,451976,4205
XII,451990,451992,3725
XII,452001,452002,3530
XII,452002,452003,3533
XII,452003,452005,3540
XII,452016,452017,3331
XII,452017,452018,3330
XII,452022,452023,3168
XII,452023,452024,3169
XII,452025,452026,3092
XII,452026,452027,3091
XII,452052,452053,3166
XII,452053,452054,3165
XII,452061,452063,3417
XII,452066,452067,3327
XII,452067,452069,3328
XII,452089,452090,3583
XII,452090,452091,3586
XII,452122,452123,3590
XII,452123,452124,3589
XII,452128,452130,3614
XII,452130,452132,3631
XII,452148,452149,3725
XII,452149,452150,3724
XII,452156,452158,3503
XII,452166,452169,3249
XII,452183,452185,3245
XII,452203,452204,3322
XII,452204,452205,3321
XII,452223,452224,3483
XII,452224,452225,3485
XII,452225,452226,3482
XII,452238,452240,3020
XII,452240,452242,3023
XII,452247,452249,3411
XII,452257,452259,3098
XII,452263,452265,3326
XII,452267,452269,3449
XII,452283,452285,3426
XII,452310,452311,3522
XII,452311,452312,3523
XII,452320,452322,3489
XII,452329,452330,3491
XII,452330,452331,3490
XII,452370,452372,3707
XII,452389,452391,4008
XII,452397,452399,3643
XII,452402,452403,3716
XII,452413,452414,3793
XII,452414,452415,3795
XII,452427,452428,3749
XII,452445,452446,3803
XII,452446,452447,3818
XII,452455,452457,3775
XII,452457,452459,3858
XII,452469,452472,4109
XII,452475,452477,4262
XII,452484,452486,4198
XII,452493,452494,4081
XII,452494,452495,4082
XII,452513,452514,3893
XII,452514,452515,3891
XII,452556,452558,3848
XII,452563,452565,3587
XII,452604,452605,4215
XII,452605,452606,4218
XII,452609,452611,4297
XII,452637,452638,4095
XII,452676,452678,3752
XII,452679,452680,3913
XII,452680,452681,3914
XII,452681,452682,3880
XII,452682,452683,3879
XII,452707,452708,4062
XII,452708,452709,4063
XII,452709,452710,4066
XII,452712,452714,4063
XII,452716,452718,4178
XII,452745,452747,3855
XII,452789,452790,4086
XII,452790,452791,4085
XII,452816,452817,4187
XII,452817,452818,4194
XII,452821,452822,4090
XII,452822,452823,4092
XII,452825,452826,4122
XII,452826,452827,4118
XII,452853,452854,4258
XII,452854,452855,4253
XII,452855,452856,4242
XII,452856,452857,4243
XII,452859,452861,4262
XII,452876,452878,4027
XII,452890,452892,3786
XII,452918,452920,3898
XII,452923,452925,4039
XII,452937,452938,4202
XII,452938,452939,4205
XII,452941,452943,4204
XII,452958,452959,3936
XII,452959,452960,3932
XII,452961,452963,3868
XII,452981,452983,4473
XII,453025,453026,4198
XII,453040,453041,4091
XII,453041,453042,4088
XII,453046,453048,4273
XII,453075,453077,4147
XII,453097,453100,3895
XII,453113,453114,4345
XII,453114,453116,4354
XII,453133,453135,3847
XII,453137,453138,3816
XII,453138,453139,3817
XII,453149,453151,3836
XII,453205,453207,4121
XII,453214,453216,3988
XII,453243,453244,3995
XII,453244,453245,3998
XII,453273,453274,3737
XII,453274,453275,3740
XII,453275,453276,3741
XII,453279,453280,3884
XII,453280,453281,3885
XII,453284,453286,3864
XII,453303,453305,4051
XII,453315,453317,4132
XII,453385,453387,3924
XII,453403,453405,4168
XII,453409,453411,4162
XII,453411,453412,4176
XII,453421,453423,4423
XII,453426,453427,4535
XII,453427,453428,4532
XII,453430,453431,4454
XII,453431,453432,4451
XII,453456,453458,4143
XII,453466,453468,4207
XII,453478,453480,4207
XII,453556,453558,4463
XII,453573,453575,4095
XII,453577,453578,4092
XII,453578,453579,4091
XII,453637,453638,4397
XII,453638,453639,4398
XII,453683,453685,4140
XII,453721,453723,4380
XII,453753,453755,4283
XII,453759,453761,4006
XII,453801,453802,4140
XII,453802,453803,4138
XII,453805,453807,4074
XII,453810,453813,3905
XII,453919,453921,4722
XII,453930,453932,4122
XII,453939,453940,4207
XII,453940,453941,4205
XII,453941,453942,4203
XII,453944,453946,4178
XII,453953,453954,4142
XII,453954,453955,4144
XII,454021,454022,4014
XII,454022,454023,4011
XII,454030,454032,4292
XII,454058,454060,4114
XII,454068,454070,4384
XII,454086,454088,4274
XII,454093,454094,4199
XII,454094,454095,4206
XII,454096,454098,4223
XII,454119,454121,4234
XII,454139,454141,4241
XII,454154,454156,4070
XII,454172,454173,4162
XII,454173,454174,4164
XII,454201,454202,3876
XII,454202,454203,3877
XII,454212,454213,4495
XII,454213,454214,4493
XII,454226,454227,3933
XII,454227,454228,3934
XII,454241,454243,3990
XII,454249,454251,4230
XII,454258,454259,4084
XII,454259,454261,4085
XII,454289,454291,3969
XII,454292,454294,4141
XII,454353,454354,4384
XII,454354,454355,4386
XII,454368,454370,3861
XII,454375,454377,3937
XII,454381,454383,4105
XII,454411,454414,3932
XII,454438,454440,4194
XII,454455,454456,4192
XII,454456,454457,4193
XII,454473,454474,4128
XII,454474,454475,4126
XII,454489,454490,4450
XII,454490,454491,4451
XII,454514,454515,4396
XII,454543,454544,4048
XII,454545,454546,3997
XII,454546,454547,3994
XII,454553,454554,4194
XII,454554,454556,4193
XII,454580,454582,4134
XII,454606,454608,4050
XII,454616,454617,4123
XII,454660,454662,3921
XII,454666,454668,3674
XII,454668,454669,3706
XII,454669,454670,3707
XII,454675,454677,3822
XII,454684,454685,4165
XII,454685,454686,4178
XII,454695,454696,4182
XII,454702,454704,4000
XII,454752,454754,4054
XII,454754,454755,4167
XII,454755,454756,4158
XII,454767,454768,4046
XII,454768,454769,4048
XII,454807,454809,3749
XII,454867,454868,4280
XII,454868,454869,4278
XII,454874,454875,4197
XII,454875,454876,4194
XII,454900,454901,3953
XII,454901,454902,3954
XII,454906,454908,3960
XII,454918,454919,3985
XII,454919,454920,3982
XII,454961,454962,4337
XII,454962,454963,4339
XII,455032,455033,4392
XII,455033,455034,4381
XII,455037,455038,4153
XII,455038,455039,4150
XII,455057,455058,4173
XII,455058,455059,4178
XII,455060,455061,4129
XII,455061,455062,4130
XII,455132,455134,3756
XII,455170,455171,3858
XII,455171,455172,3860
XII,455193,455194,3718
XII,455194,455195,3721
XII,455202,455204,3697
XII,455205,455207,3762
XII,455211,455212,3777
XII,455212,455213,3778
XII,455256,455257,3861
XII,455257,455258,3860
XII,455260,455261,3858
XII,455261,455262,3854
XII,455266,455268,3887
XII,455323,455325,3884
XII,455326,455328,3856
XII,455333,455334,3873
XII,455334,455336,3871
XII,455353,455354,3922
XII,455354,455355,3923
XII,455388,455390,4255
XII,455400,455402,3968
XII,455477,455478,3697
XII,455478,455480,3700
XII,455482,455484,3691
XII,455485,455487,3709
XII,455564,455566,3897
XII,455578,455579,4653
XII,455579,455580,4652
XII,455588,455589,4375
XII,455589,455590,4374
XII,455597,455599,4143
XII,455610,455611,4026
XII,455611,455612,4023
XII,455612,455613,4020
XII,455613,455615,4021
XII,455616,455617,4048
XII,455617,455618,4041
XII,455627,455629,4081
XII,455641,455642,4014
XII,455642,455643,4015
XII,455675,455676,3884
XII,455676,455677,3882
XII,455680,455681,3929
XII,455681,455682,3927
XII,455683,455685,3901
XII,455695,455697,4000
XII,455706,455708,4215
XII,455720,455722,4714
XII,455729,455732,4242
XII,455735,455737,4314
XII,455739,455742,4464
XII,455753,455754,4332
XII,455754,455755,4327
XII,455755,455756,4326
XII,455777,455779,4395
XII,455800,455801,4181
XII,455801,455802,4182
XII,455827,455829,4425
XII,455838,455840,4323
XII,455848,455849,4431
XII,455851,455852,4439
XII,455852,455853,4429
XII,455864,455866,4055
XII,455872,455874,3650
XII,455881,455882,3836
XII,455882,455883,3837
XII,455890,455892,3737
XII,455900,455901,3973
XII,455901,455902,3966
XII,455905,455907,3991
XII,455921,455922,4307
XII,455922,455924,4304
XII,455924,455925,4297
XII,455925,455926,4296
XII,455926,455927,4197
XII,455927,455928,4193
XII,455934,455937,4251
XII,455944,455945,4517
XII,455945,455946,4515
XII,455979,455981,4331
XII,455984,455986,4238
XII,455986,455987,4237
XII,455989,455990,4159
XII,455990,455991,4154
XII,456005,456007,3874
XII,456022,456024,3821
XII,456044,456045,3995
XII,456045,456046,4000
XII,456062,456063,4062
XII,456063,456064,4064
XII,456064,456066,4067
XII,456071,456072,3847
XII,456072,456073,3843
XII,456085,456086,4089
XII,456119,456120,4187
XII,456120,456121,4188
XII,456136,456138,4186
XII,456155,456157,4386
XII,456162,456163,4432
XII,456166,456167,4474
XII,456173,456176,4423
XII,456178,456180,4367
XII,456185,456186,4580
XII,456186,456187,4583
XII,456188,456189,4677
XII,456189,456190,4678
XII,456190,456192,4483
XII,456209,456211,4073
XII,456227,456229,3849
XII,456271,456273,3708
XII,456276,456277,3924
XII,456277,456278,3923
XII,456301,456302,3969
XII,456302,456303,3968
XII,456321,456322,4237
XII,456322,456323,4226
XII,456325,456326,4205
XII,456326,456327,4207
XII,456329,456330,4209
XII,456330,456331,4206
XII,456339,456341,3904
XII,456360,456362,4091
XII,456370,456372,4189
XII,456372,456373,4291
XII,456373,456374,4298
XII,456385,456386,4561
XII,456386,456387,4559
XII,456395,456396,4352
XII,456396,456397,4349
XII,456409,456411,4052
XII,456411,456413,3936
XII,456413,456414,3931
XII,456430,456432,4230
XII,456467,456469,3754
XII,456492,456494,4088
XII,456532,456534,4096
XII,456552,456554,3710
XII,456596,456598,4283
XII,456600,456601,4297
XII,456601,456602,4296
XII,456608,456610,3971
XII,456622,456623,4078
XII,456623,456624,4079
XII,456626,456628,4012
XII,456642,456643,3928
XII,456643,456644,3929
XII,456670,456672,3667
XII,456680,456682,3615
XII,456705,456707,4281
XII,456707,456708,4279
XII,456720,456722,3964
XII,456732,456734,4170
XII,456763,456766,3935
XII,456777,456778,3981
XII,456778,456779,3980
XII,456784,456786,4228
XII,456791,456792,4232
XII,456792,456793,4234
XII,456802,456804,4422
XII,456814,456815,4093
XII,456815,456816,4091
XII,456832,456833,4285
XII,456833,456834,4283
XII,456835,456837,4218
XII,456852,456853,4283
XII,456853,456854,4296
XII,456896,456898,3846
XII,456920,456921,4026
XII,456923,456926,4232
XII,456929,456930,4180
XII,456930,456931,4181
XII,456946,456947,4010
XII,456947,456948,4017
XII,456956,456958,4013
XII,456961,456962,4227
XII,456962,456963,4226
XII,456970,456971,4110
XII,456971,456973,4109
XII,456973,456974,4081
XII,456974,456975,4077
XII,456976,456978,4076
XII,456983,456985,4157
XII,457012,457014,4192
XII,457022,457023,4297
XII,457023,457024,4300
XII,457053,457055,4077
XII,457073,457075,4116
XII,457079,457080,4250
XII,457080,457081,4251
XII,457111,457113,4069
XII,457127,457128,4171
XII,457149,457151,4227
XII,457154,457156,4149
XII,457206,457208,3947
XII,457248,457250,4042
XII,457267,457270,4044
XII,457270,457271,4055
XII,457271,457272,4053
XII,457292,457293,3697
XII,457293,457294,3699
XII,457294,457295,3662
XII,457295,457296,3666
XII,457309,457310,4106
XII,457310,457311,4107
XII,457324,457326,3986
XII,457343,457345,3934
XII,457348,457350,3973
XII,457356,457357,3737
XII,457357,457359,3738
XII,457374,457375,3490
XII,457378,457379,3567
XII,457379,457380,3564
XII,457426,457427,3572
XII,457427,457428,3575
XII,457429,457431,3461
XII,457441,457443,4038
XII,457447,457449,4167
XII,457469,457471,4068
XII,457475,457476,4072
XII,457476,457477,4073
XII,457477,457478,4092
XII,457478,457479,4094
XII,457491,457492,4167
XII,457499,457500,4075
XII,457500,457501,4077
XII,457506,457507,4062
XII,457507,457508,4055
XII,457511,457512,3952
XII,457512,457513,3992
XII,457513,457514,3989
XII,457514,457515,3988
XII,457578,457579,4280
XII,457579,457580,4279
XII,457584,457586,5206
XII,457626,457628,4152
XII,457630,457631,4146
XII,457631,457632,4144
XII,457639,457641,3999
XII,457648,457650,4021
XII,457650,457651,4020
XII,457659,457661,4346
XII,457704,457705,4923
XII,457705,457707,4915
XII,457714,457715,4500
XII,457715,457716,4497
XII,457718,457720,4402
XII,457720,457721,4400
XII,457721,457722,4398
XII,457740,457741,3601
XII,457741,457742,3599
XII,457762,457763,3584
XII,457763,457764,3586
XII,457769,457772,3592
XII,457782,457784,3954
XII,457790,457791,4043
XII,457791,457792,4041
XII,457794,457796,4185
XII,457835,457836,4177
XII,457836,457837,4178
XII,457837,457838,4179
XII,457838,457839,4178
XII,457847,457849,4305
XII,457855,457856,3928
XII,457856,457858,3930
XII,457871,457872,3910
XII,457872,457873,3913
XII,457892,457894,3932
XII,457905,457906,4013
XII,457906,457907,4014
XII,457911,457913,4041
XII,457978,457981,3754
XII,457991,457992,3864
XII,457992,457993,3868
XII,458006,458007,3948
XII,458007,458008,3950
XII,458008,458009,3951
XII,458029,458031,3988
XII,458034,458036,4063
XII,458046,458047,4462
XII,458047,458048,4454
XII,458054,458055,4493
XII,458055,458056,4495
XII,458081,458082,4230
XII,458082,458083,4231
XII,458106,458108,3546
XII,458148,458150,4407
XII,458153,458155,4376
XII,458158,458160,4431
XII,458198,458199,4400
XII,458199,458200,4397
XII,458218,458220,3988
XII,458220,458221,3986
XII,458238,458240,3930
XII,458244,458245,3907
XII,458245,458246,3899
XII,458248,458249,3900
XII,458249,458250,3904
XII,458257,458258,3925
XII,458299,458302,3927
XII,458309,458310,3810
XII,458310,458311,3809
XII,458315,458317,3742
XII,458347,458349,4100
XII,458358,458359,4095
XII,458359,458360,4096
XII,458370,458371,4248
XII,458371,458372,4249
XII,458380,458381,4202
XII,458381,458382,4201
XII,458386,458387,4124
XII,458395,458396,4428
XII,458396,458397,4429
XII,458407,458409,4665
XII,458419,458421,4632
XII,458423,458425,4477
XII,458428,458430,4451
XII,458445,458447,3798
XII,458451,458453,3706
XII,458492,458493,3757
XII,458493,458494,3752
XII,458494,458495,3750
XII,458495,458496,3748
XII,458496,458497,3968
XII,458497,458498,3964
XII,458516,458517,4276
XII,458517,458520,4275
XII,458521,458522,4142
XII,458522,458524,4140
XII,458530,458532,4251
XII,458535,458537,4377
XII,458558,458559,4233
XII,458559,458560,4230
XII,458560,458561,4251
XII,458561,458562,4250
XII,458568,458569,4219
XII,458572,458574,4222
XII,458574,458575,4223
XII,458575,458576,4221
XII,458592,458593,4311
XII,458593,458594,4307
XII,458607,458608,4465
XII,458608,458609,4460
XII,458626,458628,3831
XII,458644,458646,4178
XII,458674,458676,4069
XII,458689,458691,4115
XII,458694,458695,3735
XII,458695,458696,3739
XII,458711,458712,4139
XII,458712,458713,4140
XII,458713,458714,4147
XII,458716,458717,4053
XII,458717,458718,4050
XII,458769,458771,4273
XII,458782,458784,4186
XII,458785,458786,4138
XII,458786,458787,4139
XII,458790,458791,3849
XII,458791,458792,3847
XII,458795,458796,3657
XII,458796,458797,3656
XII,458813,458814,3986
XII,458814,458815,3987
XII,458840,458841,4294
XII,458841,458842,4295
XII,458862,458863,3934
XII,458863,458864,3933
XII,458880,458881,3815
XII,458881,458882,3816
XII,458883,458884,3784
XII,458884,458885,3786
XII,458890,458891,3848
XII,458891,458892,3856
XII,458901,458902,4488
XII,458902,458903,4484
XII,458903,458904,4486
XII,458910,458911,4518
XII,458911,458912,4522
XII,458920,458921,4420
XII,458929,458931,4296
XII,458949,458951,4265
XII,458959,458961,4651
XII,458992,458993,3856
XII,458993,458994,3863
XII,459001,459003,3802
XII,459023,459025,3840
XII,459025,459027,3833
XII,459033,459035,3894
XII,459044,459046,5096
XII,459052,459053,4212
XII,459053,459054,4210
XII,459054,459056,4211
XII,459091,459093,4764
XII,459094,459095,4793
XII,459095,459096,4790
XII,459114,459116,4612
XII,459122,459123,4429
XII,459123,459124,4426
XII,459131,459132,4424
XII,459132,459133,4412
XII,459158,459160,4365
XII,459166,459167,4363
XII,459167,459169,4361
XII,459207,459208,4001
XII,459208,459209,3997
XII,459225,459226,4282
XII,459226,459227,4280
XII,459235,459236,4337
XII,459236,459237,4338
XII,459265,459267,4311
XII,459279,459281,4139
XII,459282,459283,4229
XII,459283,459284,4231
XII,459293,459295,4266
XII,459304,459306,4234
XII,459344,459345,4203
XII,459345,459346,4201
XII,459360,459362,4353
XII,459392,459393,4297
XII,459393,459394,4291
XII,459434,459435,4131
XII,459439,459440,4136
XII,459440,459441,4133
XII,459444,459445,4138
XII,459445,459446,4137
XII,459448,459450,4131
XII,459453,459455,4359
XII,459480,459482,4346
XII,459496,459497,4766
XII,459497,459498,4767
XII,459522,459524,4956
XII,459543,459545,4515
XII,459551,459552,5035
XII,459579,459580,4525
XII,459580,459581,4528
XII,459586,459587,4630
XII,459631,459633,6758
XII,459657,459658,6251
XII,459658,459659,6250
XII,459659,459660,6221
XII,459660,459661,6217
XII,459662,459664,6251
XII,459682,459684,6071
XII,459688,459690,6253
XII,459752,459753,7404
XII,459753,459754,7415
XII,459810,459811,9392
XII,459811,459812,9394
XII,459867,459869,6547
XII,459914,459915,6983
XII,459915,459916,6988
XII,460144,460146,8546
XII,460214,460215,8654
XII,460215,460216,8657
XII,460216,460217,8661
XII,460217,460218,8660
XII,460220,460222,8689
XII,460230,460231,8756
XII,460231,460232,8758
XII,460233,460235,8750
XII,460235,460237,8794
XII,460242,460244,8850
XII,460312,460314,8425
XII,460471,460472,8099
XII,460527,460528,8580
XII,460528,460529,8579
XII,460532,460534,8519
XII,460536,460538,8659
XII,460538,460539,8660
XII,460539,460540,8661
XII,460621,460623,7832
XII,460686,460688,7126
XII,460693,460695,6989
XII,460705,460706,6640
XII,460706,460707,6642
XII,460723,460725,6704
XII,460728,460730,6922
XII,460730,460732,6890
XII,460783,460785,5209
XII,460818,460819,4625
XII,460819,460820,4623
XII,460828,460829,4866
XII,460829,460830,4865
XII,460835,460837,5000
XII,460837,460838,5001
XII,460838,460839,5184
XII,460839,460840,5183
XII,460845,460846,5348
XII,460846,460847,5349
XII,460917,460919,4111
XII,460919,460920,4117
XII,460928,460930,4270
XII,460930,460931,4252
XII,460931,460932,4253
XII,460934,460935,4312
XII,460935,460937,4317
XII,460950,460951,4111
XII,460951,460952,4114
XII,460952,460953,4119
XII,460960,460961,4139
XII,460961,460962,4138
XII,460982,460984,4366
XII,460998,461000,4312
XII,461021,461022,4491
XII,461022,461023,4494
XII,461025,461027,4427
XII,461041,461042,4288
XII,461042,461043,4287
XII,461073,461074,4429
XII,461074,461075,4428
XII,461085,461087,4621
XII,461111,461112,4255
XII,461112,461113,4257
XII,461116,461118,4085
XII,461145,461147,3911
XII,461154,461156,3516
XII,461164,461166,3239
XII,461198,461199,3541
XII,461199,461200,3542
XII,461200,461201,3541
XII,461204,461206,3417
XII,461224,461225,3680
XII,461225,461226,3678
XII,461226,461227,3689
XII,461227,461228,3690
XII,461238,461239,3641
XII,461248,461250,3703
XII,461258,461259,3708
XII,461259,461261,3710
XII,461272,461274,3703
XII,461285,461286,3789
XII,461286,461287,3790
XII,461304,461305,3237
XII,461305,461306,3236
XII,461340,461342,3377
XII,461348,461349,3221
XII,461349,461350,3228
XII,461354,461356,3330
XII,461360,461361,3490
XII,461361,461362,3489
XII,461362,461363,3488
XII,461365,461366,3524
XII,461366,461367,3526
XII,461375,461376,3106
XII,461376,461377,3107
XII,461384,461385,3528
XII,461385,461386,3530
XII,461390,461392,3308
XII,461394,461396,3237
XII,461399,461401,3466
XII,461449,461451,3523
XII,461487,461489,3496
XII,461489,461491,3447
XII,461497,461498,3650
XII,461498,461499,3652
XII,461510,461512,3213
XII,461526,461528,3768
XII,461530,461531,3612
XII,461531,461532,3616
XII,461534,461536,3404
XII,461550,461551,3550
XII,461551,461552,3552
XII,461573,461575,3745
XII,461578,461580,3608
XII,461592,461593,3556
XII,461593,461594,3558
XII,461602,461603,3798
XII,461606,461607,3891
XII,461607,461609,3892
XII,461623,461625,3944
XII,461630,461631,3881
XII,461631,461632,3882
XII,461693,461695,3924
XII,461697,461699,3688
XII,461700,461701,3620
XII,461701,461702,3614
XII,461729,461731,4017
XII,461736,461737,4092
XII,461737,461738,4093
XII,461738,461739,4095
XII,461764,461766,4168
XII,461773,461774,4131
XII,461774,461775,4126
XII,461811,461812,3805
XII,461812,461813,3803
XII,461816,461817,3952
XII,461817,461818,3953
XII,461853,461854,4059
XII,461854,461855,4061
XII,461860,461862,4249
XII,461887,461888,3832
XII,461888,461889,3831
XII,461901,461903,3649
XII,461926,461927,4011
XII,461927,461928,4010
XII,461940,461943,4179
XII,461959,461960,4008
XII,461967,461968,3958
XII,461968,461969,3961
XII,461969,461970,4220
XII,461970,461971,4224
XII,461976,461978,4342
XII,462050,462051,3992
XII,462051,462052,3995
XII,462069,462070,4051
XII,462070,462071,4062
XII,462071,462072,4132
XII,462072,462073,4129
XII,462092,462093,3900
XII,462093,462094,3898
XII,462098,462099,3828
XII,462099,462100,3823
XII,462121,462122,4199
XII,462122,462123,4203
XII,462161,462163,4242
XII,462182,462183,4324
XII,462183,462184,4326
XII,462192,462194,4390
XII,462212,462213,4128
XII,462213,462214,4129
XII,462215,462217,4136
XII,462230,462231,3843
XII,462231,462232,3847
XII,462251,462253,4332
XII,462265,462266,3831
XII,462266,462267,3832
XII,462274,462275,3866
XII,462275,462276,3868
XII,462287,462288,3927
XII,462288,462289,3912
XII,462298,462299,3887
XII,462299,462300,3883
XII,462336,462338,4004
XII,462340,462342,4107
XII,462354,462356,4023
XII,462402,462404,3794
XII,462416,462417,3888
XII,462417,462418,3887
XII,462420,462422,3889
XII,462452,462453,4141
XII,462453,462454,4140
XII,462493,462494,3986
XII,462494,462495,3983
XII,462504,462505,4139
XII,462505,462506,4133
XII,462522,462525,3885
XII,462527,462529,3836
XII,462541,462542,4030
XII,462542,462543,4036
XII,462558,462559,4317
XII,462559,462560,4318
XII,462562,462563,4415
XII,462563,462564,4416
XII,462564,462566,4418
XII,462567,462569,4316
XII,462603,462605,4070
XII,462605,462606,4072
XII,462606,462608,3991
XII,462613,462615,4108
XII,462615,462616,4105
XII,462616,462617,4104
XII,462621,462622,4022
XII,462622,462623,4021
XII,462634,462636,3919
XII,462676,462678,4454
XII,462702,462704,4251
XII,462709,462710,4094
XII,462721,462723,3982
XII,462729,462731,3919
XII,462751,462753,4253
XII,462791,462792,4308
XII,462792,462793,4298
XII,462881,462883,4449
XII,462887,462889,4437
XII,462890,462893,4353
XII,462893,462895,4343
XII,463021,463023,4436
XII,463051,463052,4535
XII,463060,463062,4445
XII,463077,463078,4093
XII,463081,463083,4087
XII,463122,463124,4087
XII,463124,463125,4086
XII,463152,463153,4019
XII,463153,463154,4017
XII,463165,463166,4143
XII,463166,463168,4147
XII,463172,463175,4030
XII,463182,463184,4200
XII,463195,463196,4012
XII,463196,463197,4010
XII,463218,463220,4056
XII,463223,463225,4078
XII,463232,463233,4042
XII,463233,463234,4040
XII,463242,463244,4299
XII,463245,463247,4104
XII,463256,463257,4075
XII,463257,463258,4073
XII,463291,463292,3932
XII,463292,463293,3933
XII,463315,463317,3762
XII,463324,463325,3812
XII,463337,463339,3801
XII,463339,463340,3802
XII,463363,463365,3847
XII,463395,463396,3925
XII,463396,463397,3926
XII,463397,463399,3916
XII,463413,463414,4099
XII,463414,463415,4096
XII,463426,463427,3823
XII,463427,463428,3822
XII,463429,463430,3991
XII,463430,463431,3989
XII,463504,463505,3710
XII,463505,463506,3707
XII,463510,463512,3768
XII,463512,463513,3774
XII,463513,463515,3773
XII,463529,463531,3999
XII,463532,463534,3910
XII,463534,463536,3732
XII,463538,463540,3808
XII,463549,463550,3805
XII,463550,463552,3801
XII,463562,463563,4044
XII,463563,463564,4047
XII,463567,463568,3808
XII,463568,463569,3812
XII,463575,463577,4073
XII,463585,463587,4099
XII,463610,463612,4038
XII,463627,463628,4436
XII,463628,463629,4434
XII,463676,463678,4031
XII,463690,463692,4173
XII,463692,463693,4176
XII,463718,463719,4157
XII,463719,463720,4151
XII,463736,463737,4210
XII,463737,463738,4214
XII,463752,463753,4078
XII,463753,463754,4079
XII,463760,463762,4445
XII,463770,463771,3890
XII,463771,463772,3887
XII,463803,463804,3671
XII,463804,463805,3670
XII,463812,463814,3825
XII,463825,463827,4151
XII,463860,463861,4177
XII,463861,463862,4178
XII,463866,463868,4160
XII,463889,463891,4127
XII,463904,463906,4106
XII,463912,463913,3724
XII,463913,463914,3721
XII,463922,463923,3830
XII,463923,463924,3829
XII,463934,463935,3882
XII,463935,463936,3880
XII,463954,463956,4066
XII,463962,463963,4385
XII,463963,463964,4390
XII,463967,463969,4391
XII,463994,463995,4330
XII,463995,463996,4331
XII,464004,464005,4220
XII,464011,464012,4164
XII,464012,464013,4161
XII,464022,464024,4282
XII,464031,464032,3890
XII,464032,464033,3887
XII,464046,464047,3892
XII,464054,464056,3871
XII,464056,464057,3870
XII,464119,464120,3885
XII,464120,464121,3889
XII,464162,464163,4297
XII,464163,464164,4298
XII,464242,464243,4350
XII,464243,464244,4348
XII,464260,464262,3764
XII,464269,464270,3640
XII,464270,464271,3646
XII,464313,464314,3702
XII,464314,464315,3701
XII,464320,464321,3680
XII,464321,464323,3675
XII,464325,464327,3628
XII,464339,464340,3636
XII,464340,464342,3635
XII,464348,464350,3710
XII,464395,464397,3773
XII,464418,464419,3702
XII,464419,464420,3708
XII,464472,464473,3731
XII,464486,464487,3789
XII,464487,464488,3788
XII,464490,464493,3766
XII,464500,464502,3692
XII,464540,464541,3832
XII,464541,464542,3838
XII,464592,464594,3678
XII,464603,464604,3496
XII,464604,464605,3492
XII,464619,464620,3536
XII,464622,464623,3567
XII,464623,464624,3569
XII,464630,464632,3865
XII,464642,464643,3892
XII,464643,464644,3897
XII,464661,464662,4225
XII,464662,464663,4223
XII,464713,464714,4609
XII,464714,464715,4614
XII,464719,464720,4529
XII,464720,464721,4531
XII,464730,464732,4366
XII,464735,464736,4169
XII,464736,464737,4167
XII,464743,464744,4101
XII,464744,464745,4099
XII,464749,464751,4062
XII,464756,464758,4127
XII,464778,464779,4023
XII,464779,464780,4025
XII,464822,464824,3965
XII,464857,464858,4594
XII,464858,464859,4595
XII,464866,464869,4118
XII,464872,464874,4181
XII,464876,464877,4345
XII,464877,464878,4346
XII,464891,464894,4171
XII,464914,464915,4245
XII,464915,464916,4246
XII,464930,464931,4016
XII,464931,464932,4013
XII,464945,464946,4368
XII,464953,464954,3975
XII,464954,464955,3964
XII,464985,464986,4291
XII,464988,464989,4282
XII,464989,464990,4267
XII,465001,465002,3929
XII,465002,465003,3930
XII,465008,465009,3516
XII,465009,465010,3517
XII,465018,465019,3768
XII,465019,465020,3769
XII,465040,465042,3950
XII,465048,465049,4052
XII,465049,465050,4053
XII,465057,465059,4301
XII,465061,465062,4294
XII,465062,465063,4292
XII,465073,465074,4235
XII,465074,465075,4234
XII,465116,465117,4210
XII,465117,465118,4209
XII,465150,465151,3700
XII,465151,465152,3702
XII,465160,465161,3774
XII,465161,465162,3775
XII,465191,465192,3758
XII,465192,465193,3760
XII,465200,465201,3934
XII,465201,465203,3936
XII,465208,465209,3696
XII,465209,465210,3694
XII,465257,465258,4100
XII,465258,465259,4090
XII,465283,465285,4153
XII,465299,465300,4320
XII,465300,465301,4313
XII,465311,465312,4264
XII,465312,465313,4263
XII,465320,465321,4490
XII,465321,465322,4499
XII,465325,465327,4575
XII,465339,465341,3953
XII,465345,465348,4008
XII,465384,465385,3980
XII,465385,465386,3981
XII,465403,465405,3878
XII,465413,465414,4013
XII,465414,465415,4012
XII,465415,465417,4020
XII,465466,465467,4393
XII,465467,465468,4390
XII,465468,465470,4383
XII,465472,465473,4094
XII,465476,465478,4025
XII,465488,465490,4023
XII,465495,465497,4026
XII,465497,465499,4237
XII,465509,465511,4397
XII,465549,465550,3917
XII,465550,465551,3913
XII,465567,465568,4223
XII,465568,465569,4224
XII,465574,465575,4037
XII,465575,465576,4040
XII,465591,465593,3981
XII,465612,465613,4029
XII,465613,465614,4028
XII,465629,465630,4134
XII,465718,465719,4195
XII,465719,465720,4198
XII,465721,465723,4269
XII,465723,465724,4270
XII,465759,465761,4074
XII,465795,465796,4096
XII,465796,465797,4092
XII,465809,465810,3688
XII,465811,465813,3697
XII,465821,465823,3708
XII,465910,465912,3892
XII,465925,465927,4203
XII,465951,465952,4068
XII,465952,465953,4067
XII,465972,465973,4239
XII,465973,465974,4238
XII,465977,465978,4391
XII,465978,465979,4397
XII,466049,466050,3929
XII,466060,466061,4269
XII,466061,466063,4278
XII,466065,466067,4238
XII,466067,466068,4239
XII,466093,466095,4129
XII,466101,466102,4283
XII,466102,466103,4279
XII,466107,466109,4161
XII,466109,466110,4167
XII,466115,466118,4086
XII,466122,466124,4263
XII,466156,466158,4091
XII,466184,466185,3961
XII,466185,466186,3971
XII,466216,466217,4145
XII,466217,466218,4147
XII,466225,466227,3949
XII,466248,466250,3923
XII,466276,466277,4212
XII,466277,466278,4208
XII,466286,466287,4138
XII,466287,466288,4139
XII,466301,466303,3968
XII,466343,466344,4057
XII,466344,466345,4059
XII,466364,466366,4056
XII,466385,466386,4245
XII,466386,466387,4244
XII,466420,466421,4240
XII,466421,466422,4241
XII,466429,466430,3902
XII,466430,466431,3901
XII,466431,466432,3854
XII,466432,466433,3852
XII,466446,466448,4330
XII,466463,466464,4152
XII,466464,466465,4153
XII,466475,466476,4046
XII,466476,466477,4044
XII,466515,466517,3768
XII,466547,466549,3610
XII,466549,466550,3629
XII,466550,466551,3633
XII,466563,466565,3712
XII,466566,466567,3599
XII,466567,466568,3602
XII,466568,466569,3589
XII,466569,466570,3588
XII,466572,466573,3529
XII,466573,466574,3535
XII,466578,466580,4244
XII,466584,466585,4368
XII,466585,466586,4365
XII,466594,466596,4878
XII,466606,466607,4251
XII,466612,466613,4265
XII,466613,466614,4264
XII,466617,466619,4292
XII,466634,466635,4270
XII,466635,466636,4268
XII,466643,466644,4238
XII,466644,466645,4239
XII,466653,466654,4173
XII,466654,466655,4167
XII,466666,466668,4294
XII,466679,466681,4240
XII,466710,466711,4409
XII,466711,466712,4406
XII,466715,466716,4421
XII,466716,466717,4416
XII,466735,466737,4677
XII,466748,466749,4106
XII,466749,466751,4105
XII,466757,466759,4175
XII,466777,466779,4051
XII,466785,466787,4052
XII,466801,466803,4348
XII,466816,466818,4425
XII,466829,466831,4449
XII,466852,466853,4448
XII,466853,466854,4444
XII,466874,466876,3613
XII,466898,466899,3576
XII,466900,466902,3574
XII,466908,466909,3576
XII,466985,466986,4333
XII,466986,466987,4334
XII,466992,466995,3940
XII,467007,467008,3951
XII,467008,467009,3958
XII,467024,467026,3868
XII,467050,467051,4118
XII,467051,467052,4120
XII,467052,467053,4151
XII,467053,467054,4158
XII,467080,467082,4329
XII,467099,467101,3990
XII,467159,467160,4124
XII,467171,467173,4018
XII,467184,467186,4379
XII,467191,467193,4363
XII,467193,467194,4364
XII,467230,467231,3864
XII,467231,467232,3861
XII,467232,467234,3860
XII,467257,467258,3775
XII,467258,467259,3783
XII,467303,467305,4285
XII,467325,467326,4641
XII,467326,467327,4638
XII,467349,467350,4073
XII,467350,467351,4076
XII,467353,467354,4063
XII,467354,467355,4066
XII,467357,467359,4051
XII,467371,467373,3991
XII,467379,467380,3943
XII,467380,467381,3942
XII,467381,467383,3948
XII,467393,467394,3970
XII,467394,467395,3969
XII,467408,467409,3995
XII,467409,467410,4001
XII,467410,467411,3998
XII,467436,467437,3907
XII,467437,467438,3906
XII,467441,467443,3826
XII,467446,467447,3767
XII,467447,467448,3768
XII,467452,467453,3705
XII,467453,467454,3707
XII,467484,467486,4014
XII,467507,467508,4112
XII,467508,467509,4108
XII,467513,467515,4219
XII,467522,467523,4025
XII,467523,467525,4027
XII,467532,467534,4329
XII,467544,467546,4577
XII,467555,467557,4503
XII,467560,467561,4386
XII,467561,467562,4384
XII,467587,467588,3604
XII,467588,467589,3602
XII,467620,467622,3611
XII,467630,467631,3702
XII,467631,467632,3700
XII,467655,467657,4272
XII,467658,467659,4177
XII,467659,467660,4178
XII,467660,467661,4174
XII,467695,467696,4142
XII,467702,467703,4184
XII,467703,467704,4189
XII,467706,467707,4193
XII,467707,467708,4195
XII,467711,467714,4216
XII,467753,467754,3897
XII,467754,467755,3905
XII,467763,467764,3868
XII,467764,467765,3867
XII,467766,467768,3927
XII,467797,467799,3839
XII,467808,467809,3976
XII,467809,467810,3973
XII,467818,467820,4296
XII,467820,467822,4215
XII,467826,467827,4271
XII,467827,467828,4270
XII,467848,467850,4265
XII,467850,467851,4268
XII,467871,467873,4074
XII,467892,467895,4065
XII,467896,467897,4129
XII,467897,467898,4128
XII,467927,467929,3794
XII,467972,467974,4124
XII,467978,467980,4178
XII,468011,468013,3649
XII,468027,468029,3679
XII,468037,468039,4390
XII,468039,468040,4382
XII,468040,468041,4383
XII,468048,468049,4447
XII,468076,468078,4231
XII,468083,468084,4231
XII,468088,468089,4197
XII,468131,468132,3875
XII,468132,468133,3874
XII,468147,468149,3781
XII,468160,468161,3871
XII,468161,468162,3869
XII,468162,468164,3861
XII,468170,468172,3918
XII,468181,468183,5225
XII,468190,468191,4214
XII,468191,468193,4218
XII,468208,468210,4250
XII,468220,468222,4524
XII,468231,468233,4790
XII,468251,468252,4596
XII,468252,468253,4601
XII,468256,468258,4493
XII,468259,468260,4423
XII,468260,468261,4422
XII,468276,468279,4334
XII,468280,468281,4326
XII,468281,468282,4328
XII,468294,468296,4392
XII,468302,468304,4328
XII,468340,468341,3892
XII,468341,468342,3891
XII,468362,468363,4205
XII,468363,468364,4202
XII,468387,468388,4291
XII,468388,468389,4296
XII,468396,468397,4367
XII,468397,468398,4372
XII,468420,468421,4202
XII,468421,468422,4197
XII,468430,468433,4257
XII,468436,468438,4245
XII,468462,468464,4501
XII,468479,468480,4170
XII,468480,468481,4174
XII,468491,468492,4196
XII,468492,468493,4200
XII,468501,468503,4219
XII,468513,468515,4235
XII,468546,468547,4227
XII,468547,468548,4229
XII,468567,468568,3990
XII,468568,468569,3988
XII,468570,468572,3886
XII,468617,468619,3874
XII,468633,468634,4241
XII,468634,468635,4239
XII,468664,468665,3821
XII,468665,468666,3823
XII,468673,468675,3563
XII,468685,468686,3585
XII,468686,468687,3587
XII,468691,468692,3538
XII,468692,468693,3542
XII,468693,468694,3543
XII,468708,468709,2964
XII,468709,468710,2961
XII,468716,468717,3006
XII,468717,468718,3005
XII,468720,468721,3065
XII,468721,468722,3063
XII,468722,468723,3062
XII,468723,468724,3064
XII,468727,468730,3036
XII,468734,468735,3201
XII,468735,468736,3202
XII,468784,468786,2483
XII,468794,468795,2158
XII,468795,468796,2156
XII,468796,468797,2140
XII,468797,468798,2136
XII,468808,468809,2001
XII,468809,468810,2000
XII,468810,468811,1978
XII,468811,468812,1977
XII,468812,468813,1980
XII,468815,468816,1925
XII,468816,468817,1923
XII,468817,468818,1922
XII,468818,468821,1921
XII,468822,468823,1901
XII,468823,468824,1900
XII,468824,468825,1902
XII,468828,468829,1855
XII,468829,468830,1856
XII,468831,468832,1820
XII,468832,468833,1819
XII,468833,468835,1776
XII,468849,468850,1584
XII,468850,468851,1581
XII,468852,468854,1549
XII,468854,468855,1548
XII,468855,468857,1550
XII,468857,468858,1549
XII,468858,468859,1550
XII,468859,468861,1543
XII,468862,468864,1508
XII,468867,468869,1393
XII,468871,468873,1315
XII,468873,468874,1314
XII,468875,468877,1308
XII,468877,468879,1275
XII,468893,468894,925
XII,468894,468895,924
XII,468895,468897,806
XII,489975,489976,819
XII,489976,489977,818
XII,489980,489981,921
XII,489981,489982,922
XII,489984,489985,974
XII,489985,489986,975
XII,489986,489987,976
XII,489988,489990,988
XII,489990,489992,992
XII,489992,489993,997
XII,489996,489998,1012
XII,489998,489999,1023
XII,489999,490001,1024
XII,490001,490002,1023
XII,490002,490003,1024
XII,490003,490004,1022
XII,490004,490005,1035
XII,490005,490006,1037
XII,490007,490008,1068
XII,490008,490009,1067
XII,490013,490014,1123
XII,490014,490016,1131
XII,490017,490018,1183
XII,490018,490019,1185
XII,490019,490020,1187
XII,490020,490022,1186
XII,490024,490026,1299
XII,490027,490028,1308
XII,490028,490029,1307
XII,490030,490031,1315
XII,490032,490034,1330
XII,490034,490037,1337
XII,490042,490043,1457
XII,490043,490044,1461
XII,490044,490045,1460
XII,490050,490051,1597
XII,490051,490052,1596
XII,490057,490058,1665
XII,490058,490059,1666
XII,490062,490063,1662
XII,490063,490064,1666
XII,490068,490069,1745
XII,490069,490070,1746
XII,490073,490075,1734
XII,490079,490081,1735
XII,490089,490092,1717
XII,490094,490095,1726
XII,490095,490096,1727
XII,490102,490104,1676
XII,490116,490118,1681
XII,490132,490134,1417
XII,490135,490136,1367
XII,490136,490137,1366
XII,490137,490139,1368
XII,490143,490144,1368
XII,490144,490145,1367
XII,490157,490159,1403
XII,490171,490173,1443
XII,490176,490178,1384
XII,490179,490181,1393
XII,490181,490182,1422
XII,490182,490184,1421
XII,490184,490185,1422
XII,490191,490192,1495
XII,490192,490193,1493
XII,490196,490197,1494
XII,490197,490198,1497
XII,490207,490209,1297
XII,490215,490216,1449
XII,490216,490217,1451
XII,490219,490220,1368
XII,490220,490222,1367
XII,490226,490227,1315
XII,490230,490232,1325
XII,490235,490236,1439
XII,490236,490237,1440
XII,490244,490246,1412
XII,490251,490253,1472
XII,490256,490258,1497
XII,490267,490269,1563
XII,490275,490277,1504
XII,490277,490278,1506
XII,490280,490281,1495
XII,490281,490282,1494
XII,490286,490288,1478
XII,490297,490298,1461
XII,490298,490299,1460
XII,490299,490300,1446
XII,490300,490302,1451
XII,490312,490313,1371
XII,490313,490314,1372
XII,490317,490318,1308
XII,490318,490319,1312
XII,490320,490321,1287
XII,490321,490322,1284
XII,490323,490325,1284
XII,490327,490330,1223
XII,490332,490333,1162
XII,490333,490334,1165
XII,490338,490339,1073
XII,490339,490340,1071
XII,490342,490344,963
XII,490344,490345,965
XII,490346,490347,929
XII,490347,490350,930
XII,490350,490353,928
XII,490354,490355,914
XII,490355,490356,917
XII,490356,490357,915
XII,490357,490358,913
XII,490358,490359,912
XII,490359,490360,910
XII,490365,490367,762
XII,490367,490369,763
XII,490370,490372,754
XII,490376,490377,722
XII,490377,490378,721
XII,490378,490380,720
XII,490380,490385,700
XII,490385,490386,601
XII,490386,490387,546
XII,490387,490388,544
XV,1091226,1091227,542
XV,1091227,1091228,544
XV,1091228,1091229,547
XV,1091229,1091230,546
XV,1091230,1091231,549
XV,1091234,1091236,559
XV,1091238,1091240,606
XV,1091241,1091242,605
XV,1091246,1091249,568
XV,1091249,1091250,565
XV,1091250,1091251,571
XV,1091251,1091252,570
XV,1091252,1091253,569
XV,1091253,1091254,566
XV,1091254,1091256,567
XV,1091256,1091258,568
XV,1091258,1091259,569
XV,1091263,1091264,558
XV,1091264,1091265,557
XV,1091269,1091271,542
